network_type,dataset_type,group_id,structure_id,bus_adjacency_id,outage_type,outage_component,Formulation,Perturbation,Case,Merge,A_parameter,SolveTime,mosektime,Status,objective,SolutionStatus,ID,replicate_id,load_id,Iterations,PrimalRes,DualRes,RelGap,KKTCondProxy,ActiveLimits,r_max,t,r_var,sum_r_sq,sum_r_cu,sep_max,sep_mean,sum_sep_sq,tree_max_deg,tree_h,fillin,coupling
original_0,fulltop,group_0,structure_0,bus_topology_0,none,none,Chordal_MD,OPFData,case14,false,0.0,0.02304552891291678,0.02,OPTIMAL,2.265953955399126,FEASIBLE_POINT,0,2,example_0.json,17,3.5e-10,8.4e-8,1.7652608862796923e-9,497.378277153558,8,3,12,0.08333333333333327,103.0,305.0,2,1.3142857142857143,68.0,3,3,1.3076923076923077,0.6601941747572816
original_0,fulltop,group_0,structure_0,bus_topology_0,none,none,Chordal_MD,OPFData,case14,true,2.0,0.02354184491559863,0.02,OPTIMAL,2.2659539535991633,FEASIBLE_POINT,0,2,example_0.json,16,6.0e-10,4.4e-8,3.530521774117458e-9,497.378277153558,8,4,8,0.5535714285714286,95.0,345.0,2,1.4666666666666666,36.0,3,2,1.6153846153846154,0.37894736842105264
original_0,fulltop,group_0,structure_0,bus_topology_0,none,none,Chordal_MD,OPFData,case14,true,3.0,0.022806834895163774,0.02,OPTIMAL,2.265953955399126,FEASIBLE_POINT,0,2,example_0.json,17,3.5e-10,8.4e-8,1.7652608862796923e-9,497.378277153558,8,3,12,0.08333333333333327,103.0,305.0,2,1.3142857142857143,68.0,3,3,1.3076923076923077,0.6601941747572816
original_0,fulltop,group_0,structure_0,bus_topology_0,none,none,Chordal_MD,OPFData,case14,true,4.0,0.024665802950039506,0.02,OPTIMAL,2.265953955399126,FEASIBLE_POINT,0,2,example_0.json,17,3.5e-10,8.4e-8,1.7652608862796923e-9,497.378277153558,8,3,12,0.08333333333333327,103.0,305.0,2,1.3142857142857143,68.0,3,3,1.3076923076923077,0.6601941747572816
original_0,fulltop,group_0,structure_0,bus_topology_0,none,none,Chordal_MD,OPFData,case14,true,5.0,0.02311127702705562,0.02,OPTIMAL,2.265953955399126,FEASIBLE_POINT,0,2,example_0.json,17,3.5e-10,8.4e-8,1.7652608862796923e-9,497.378277153558,8,3,12,0.08333333333333327,103.0,305.0,2,1.3142857142857143,68.0,3,3,1.3076923076923077,0.6601941747572816
original_0,fulltop,group_0,structure_0,bus_topology_0,none,none,Chordal_AMD,OPFData,case14,false,0.0,0.023247533943504095,0.02,OPTIMAL,2.2659539563430156,FEASIBLE_POINT,0,2,example_0.json,15,1.2e-10,6.8e-8,4.413152703709973e-10,497.378277153558,8,3,12,0.08333333333333327,103.0,305.0,2,1.3055555555555556,69.0,4,3,1.3076923076923077,0.6699029126213593
original_0,fulltop,group_0,structure_0,bus_topology_0,none,none,Chordal_AMD,OPFData,case14,true,2.0,0.02059300383552909,0.02,OPTIMAL,2.265953955405305,FEASIBLE_POINT,0,2,example_0.json,16,3.2e-10,3.1e-8,1.7652608862796923e-9,497.378277153558,8,4,8,0.5535714285714286,95.0,345.0,2,1.4666666666666666,36.0,3,2,1.6153846153846154,0.37894736842105264
original_0,fulltop,group_0,structure_0,bus_topology_0,none,none,Chordal_AMD,OPFData,case14,true,3.0,0.022846007021144032,0.02,OPTIMAL,2.2659539563430156,FEASIBLE_POINT,0,2,example_0.json,15,1.2e-10,6.8e-8,4.413152703709973e-10,497.378277153558,8,3,12,0.08333333333333327,103.0,305.0,2,1.3055555555555556,69.0,4,3,1.3076923076923077,0.6699029126213593
original_0,fulltop,group_0,structure_0,bus_topology_0,none,none,Chordal_AMD,OPFData,case14,true,4.0,0.02157018007710576,0.02,OPTIMAL,2.2659539563430156,FEASIBLE_POINT,0,2,example_0.json,15,1.2e-10,6.8e-8,4.413152703709973e-10,497.378277153558,8,3,12,0.08333333333333327,103.0,305.0,2,1.3055555555555556,69.0,4,3,1.3076923076923077,0.6699029126213593
original_0,fulltop,group_0,structure_0,bus_topology_0,none,none,Chordal_AMD,OPFData,case14,true,5.0,0.02322465693578124,0.02,OPTIMAL,2.2659539563430156,FEASIBLE_POINT,0,2,example_0.json,15,1.2e-10,6.8e-8,4.413152703709973e-10,497.378277153558,8,3,12,0.08333333333333327,103.0,305.0,2,1.3055555555555556,69.0,4,3,1.3076923076923077,0.6699029126213593
original_0,fulltop,group_0,structure_0,bus_topology_0,none,none,Chordal_MFI,OPFData,case14,false,0.0,0.02294365200214088,0.02,OPTIMAL,2.265953955399126,FEASIBLE_POINT,0,2,example_0.json,17,3.5e-10,8.4e-8,1.7652608862796923e-9,497.378277153558,8,3,12,0.08333333333333327,103.0,305.0,2,1.3142857142857143,68.0,3,3,1.3076923076923077,0.6601941747572816
original_0,fulltop,group_0,structure_0,bus_topology_0,none,none,Chordal_MFI,OPFData,case14,true,2.0,0.024173103040084243,0.02,OPTIMAL,2.2659539535991633,FEASIBLE_POINT,0,2,example_0.json,16,6.0e-10,4.4e-8,3.530521774117458e-9,497.378277153558,8,4,8,0.5535714285714286,95.0,345.0,2,1.4666666666666666,36.0,3,2,1.6153846153846154,0.37894736842105264
original_0,fulltop,group_0,structure_0,bus_topology_0,none,none,Chordal_MFI,OPFData,case14,true,3.0,0.02307152608409524,0.02,OPTIMAL,2.265953955399126,FEASIBLE_POINT,0,2,example_0.json,17,3.5e-10,8.4e-8,1.7652608862796923e-9,497.378277153558,8,3,12,0.08333333333333327,103.0,305.0,2,1.3142857142857143,68.0,3,3,1.3076923076923077,0.6601941747572816
original_0,fulltop,group_0,structure_0,bus_topology_0,none,none,Chordal_MFI,OPFData,case14,true,4.0,0.024244227912276983,0.02,OPTIMAL,2.265953955399126,FEASIBLE_POINT,0,2,example_0.json,17,3.5e-10,8.4e-8,1.7652608862796923e-9,497.378277153558,8,3,12,0.08333333333333327,103.0,305.0,2,1.3142857142857143,68.0,3,3,1.3076923076923077,0.6601941747572816
original_0,fulltop,group_0,structure_0,bus_topology_0,none,none,Chordal_MFI,OPFData,case14,true,5.0,0.023677358170971274,0.02,OPTIMAL,2.265953955399126,FEASIBLE_POINT,0,2,example_0.json,17,3.5e-10,8.4e-8,1.7652608862796923e-9,497.378277153558,8,3,12,0.08333333333333327,103.0,305.0,2,1.3142857142857143,68.0,3,3,1.3076923076923077,0.6601941747572816
